AccountID,PlanID,ParentAccountID,AccountLabel,Platform,OpenDate,CloseDate,Status
1001,1,,TS-50K-E-001,TopstepX,2025-01-03,2025-02-14,Failed
1002,3,,TS-150K-E-002,TopstepX,2025-01-06,2025-03-14,Failed
1003,1,,TS-50K-E-003,TopstepX,2025-01-07,2025-03-05,Passed
1004,7,,MFF-50K-E-001,Tradovate,2025-01-10,2025-03-18,Failed
1005,3,,TS-150K-E-004,TopstepX,2025-01-14,2025-03-14,Failed
1006,5,,LF-50K-E-001,Tradovate,2025-01-17,2025-04-23,Passed
1007,7,,MFF-50K-E-002,Tradovate,2025-02-17,2025-04-21,Passed
1008,2,1003,TS-50K-F-001,TopstepX,2025-03-06,2025-03-18,Breached
1009,1,,TS-50K-E-005,TopstepX,2025-03-06,2025-03-18,Failed
1010,7,,MFF-50K-E-003,Tradovate,2025-03-17,2025-04-23,Passed
1011,1,,TS-50K-E-006,TopstepX,2025-03-18,2025-04-23,Passed
1012,1,,TS-50K-E-007,TopstepX,2025-03-20,2025-04-23,Passed
1013,7,,MFF-50K-E-004,Tradovate,2025-03-21,2025-04-22,Passed
1014,8,1007,MFF-50K-F-001,Tradovate,2025-04-22,2025-05-15,Breached
1015,8,1013,MFF-50K-F-002,Tradovate,2025-04-23,2025-05-16,Breached
1016,5,,LF-50K-E-002,Tradovate,2025-04-23,2025-05-05,Passed
1017,6,1006,LF-50K-F-001,Tradovate,2025-04-24,2025-05-15,Breached
1018,8,1010,MFF-50K-F-003,Tradovate,2025-04-24,2025-05-15,Breached
1019,2,1011,TS-50K-F-002,TopstepX,2025-04-24,2025-05-15,Breached
1020,2,1012,TS-50K-F-003,TopstepX,2025-04-24,2025-05-14,Breached
1021,5,,LF-50K-E-003,Tradovate,2025-05-01,2025-05-15,Failed
1022,7,,MFF-50K-E-005,Tradovate,2025-05-05,2025-06-16,Failed
1023,6,1016,LF-50K-F-002,Tradovate,2025-05-06,2025-05-15,Breached
1024,1,,TS-50K-E-008,TopstepX,2025-05-07,2025-05-15,Failed
1025,1,,TS-50K-E-009,TopstepX,2025-05-08,2025-06-12,Failed
1026,7,,MFF-50K-E-006,Tradovate,2025-05-09,2025-06-16,Failed
1027,1,,TS-50K-E-010,TopstepX,2025-05-13,2025-06-13,Failed
1028,5,,LF-50K-E-004,Tradovate,2025-05-19,2025-06-27,Failed
1029,5,,LF-50K-E-005,Tradovate,2025-05-21,2025-06-12,Failed
1030,7,,MFF-50K-E-007,Tradovate,2025-06-13,2025-06-18,Failed
1031,7,,MFF-50K-E-008,Tradovate,2025-06-16,2025-06-30,Failed
1032,5,,LF-50K-E-006,Tradovate,2025-06-17,2025-06-27,Failed
1033,3,,TS-150K-E-011,TopstepX,2025-06-18,2025-07-16,Failed
1034,5,,LF-50K-E-007,Tradovate,2025-06-19,2025-08-12,Failed
1035,1,,TS-50K-E-012,TopstepX,2025-06-23,2025-06-27,Failed
1036,1,,TS-50K-E-013,TopstepX,2025-06-30,2025-07-16,Failed
1037,7,,MFF-50K-E-009,Tradovate,2025-07-01,2025-07-16,Failed
1038,7,,MFF-50K-E-010,Tradovate,2025-07-02,2025-08-25,Failed
1039,7,,MFF-50K-E-011,Tradovate,2025-07-08,2025-10-03,Passed
1040,1,,TS-50K-E-014,TopstepX,2025-07-17,2025-08-14,Failed
1041,7,,MFF-50K-E-012,Tradovate,2025-07-18,2025-08-14,Failed
1042,5,,LF-50K-E-008,Tradovate,2025-07-22,2025-09-11,Failed
1043,1,,TS-50K-E-015,TopstepX,2025-08-15,2025-08-26,Failed
1044,1,,TS-50K-E-016,TopstepX,2025-08-18,2025-08-26,Failed
1045,7,,MFF-50K-E-013,Tradovate,2025-08-19,2025-08-26,Failed
1046,7,,MFF-50K-E-014,Tradovate,2025-08-27,2025-09-09,Failed
1047,5,,LF-50K-E-009,Tradovate,2025-08-28,2025-10-02,Passed
1048,7,,MFF-50K-E-015,Tradovate,2025-09-01,2025-10-08,Passed
1049,5,,LF-50K-E-010,Tradovate,2025-09-05,2025-10-08,Passed
1050,1,,TS-50K-E-017,TopstepX,2025-09-10,2025-10-09,Passed
1051,1,,TS-50K-E-018,TopstepX,2025-09-12,2025-10-03,Passed
1052,6,1047,LF-50K-F-003,Tradovate,2025-10-03,2025-10-15,Breached
1053,5,,LF-50K-E-011,Tradovate,2025-10-03,2025-10-15,Failed
1054,8,1039,MFF-50K-F-004,Tradovate,2025-10-06,2025-10-20,Breached
1055,2,1051,TS-50K-F-004,TopstepX,2025-10-06,2025-10-14,Breached
1056,7,,MFF-50K-E-016,Tradovate,2025-10-06,2025-11-04,Failed
1057,8,1048,MFF-50K-F-005,Tradovate,2025-10-09,2025-10-15,Breached
1058,6,1049,LF-50K-F-004,Tradovate,2025-10-09,2025-10-15,Breached
1059,2,1050,TS-50K-F-005,TopstepX,2025-10-10,2025-10-20,Breached
1060,3,,TS-150K-E-019,TopstepX,2025-10-13,2025-10-16,Failed
1061,7,,MFF-50K-E-017,Tradovate,2025-10-14,2025-10-20,Failed
1062,1,,TS-50K-E-020,TopstepX,2025-10-15,2025-11-04,Failed
1063,1,,TS-50K-E-021,TopstepX,2025-10-16,2025-11-14,Failed
1064,3,,TS-150K-E-022,TopstepX,2025-10-17,2025-11-03,Failed
1065,1,,TS-50K-E-023,TopstepX,2025-10-22,2025-11-04,Failed
1066,5,,LF-50K-E-012,Tradovate,2025-10-24,2025-12-09,Failed
1067,7,,MFF-50K-E-018,Tradovate,2025-11-05,2025-12-24,Failed
1068,1,,TS-50K-E-024,TopstepX,2025-11-07,2026-01-08,Failed
1069,3,,TS-150K-E-025,TopstepX,2025-11-10,2025-11-21,Failed
1070,5,,LF-50K-E-013,Tradovate,2025-11-11,2025-11-28,Failed
1071,7,,MFF-50K-E-019,Tradovate,2025-11-18,2025-12-24,Failed
1072,5,,LF-50K-E-014,Tradovate,2025-11-24,2025-12-25,Failed
1073,7,,MFF-50K-E-020,Tradovate,2025-12-01,2026-01-08,Failed
1074,3,,TS-150K-E-026,TopstepX,2025-12-10,2025-12-24,Failed
1075,1,,TS-50K-E-027,TopstepX,2025-12-25,2026-01-08,Failed
1076,1,,TS-50K-E-028,TopstepX,2025-12-30,2026-02-06,Failed
1077,1,,TS-50K-E-029,TopstepX,2025-12-31,2026-03-04,Failed
1078,7,,MFF-50K-E-021,Tradovate,2026-01-01,2026-01-08,Failed
1079,5,,LF-50K-E-015,Tradovate,2026-01-13,2026-03-05,Failed
1080,1,,TS-50K-E-030,TopstepX,2026-01-14,2026-04-09,Failed
1081,1,,TS-50K-E-031,TopstepX,2026-01-16,2026-04-06,Failed
1082,7,,MFF-50K-E-022,Tradovate,2026-01-19,2026-04-09,Failed
1083,7,,MFF-50K-E-023,Tradovate,2026-02-12,2026-03-06,Failed
1084,1,,TS-50K-E-032,TopstepX,2026-03-09,2026-04-01,Passed
1085,5,,LF-50K-E-016,Tradovate,2026-03-12,2026-04-13,Failed
1086,7,,MFF-50K-E-024,Tradovate,2026-03-17,2026-05-29,Passed
1087,2,1084,TS-50K-F-006,TopstepX,2026-04-02,2026-04-09,Breached
1088,1,,TS-50K-E-033,TopstepX,2026-04-03,2026-06-19,Passed
1089,1,,TS-50K-E-034,TopstepX,2026-04-08,2026-04-23,Failed
1090,1,,TS-50K-E-035,TopstepX,2026-04-10,2026-04-24,Failed
1091,3,,TS-150K-E-036,TopstepX,2026-04-13,2026-06-19,Passed
1092,1,,TS-50K-E-037,TopstepX,2026-04-14,2026-04-24,Failed
1093,1,,TS-50K-E-038,TopstepX,2026-04-24,2026-06-26,Passed
1094,1,,TS-50K-E-039,TopstepX,2026-04-28,2026-05-15,Passed
1095,1,,TS-50K-E-040,TopstepX,2026-04-29,2026-05-29,Passed
1096,2,1094,TS-50K-F-007,TopstepX,2026-05-18,2026-08-11,Breached
1097,3,,TS-150K-E-041,TopstepX,2026-05-18,2026-06-23,Passed
1098,8,1086,MFF-50K-F-006,Tradovate,2026-06-01,2026-07-27,Breached
1099,2,1095,TS-50K-F-008,TopstepX,2026-06-01,2026-07-22,Breached
1100,5,,LF-50K-E-017,Tradovate,2026-06-03,2026-07-06,Passed
1101,7,,MFF-50K-E-025,Tradovate,2026-06-04,2026-06-29,Passed
1102,2,1088,TS-50K-F-009,TopstepX,2026-06-22,2026-07-27,Breached
1103,4,1091,TS-150K-F-010,TopstepX,2026-06-22,2026-08-10,Breached
1104,7,,MFF-50K-E-026,Tradovate,2026-06-22,2026-07-06,Passed
1105,5,,LF-50K-E-018,Tradovate,2026-06-23,2026-07-06,Passed
1106,4,1097,TS-150K-F-011,TopstepX,2026-06-24,2026-07-22,Breached
1107,5,,LF-50K-E-019,Tradovate,2026-06-24,2026-07-06,Passed
1108,2,1093,TS-50K-F-012,TopstepX,2026-06-29,2026-08-11,Breached
1109,3,,TS-150K-E-042,TopstepX,2026-06-29,2026-07-30,Passed
1110,8,1101,MFF-50K-F-007,Tradovate,2026-06-30,2026-07-16,Breached
1111,5,,LF-50K-E-020,Tradovate,2026-07-03,2026-07-29,Passed
1112,6,1100,LF-50K-F-005,Tradovate,2026-07-07,2026-08-11,Breached
1113,8,1104,MFF-50K-F-008,Tradovate,2026-07-07,2026-08-11,Breached
1114,6,1105,LF-50K-F-006,Tradovate,2026-07-07,2026-08-11,Breached
1115,6,1107,LF-50K-F-007,Tradovate,2026-07-07,2026-08-10,Breached
1116,1,,TS-50K-E-043,TopstepX,2026-07-07,2026-08-11,Failed
1117,7,,MFF-50K-E-027,Tradovate,2026-07-08,2026-08-03,Passed
1118,7,,MFF-50K-E-028,Tradovate,2026-07-09,2026-07-31,Passed
1119,7,,MFF-50K-E-029,Tradovate,2026-07-10,2026-07-31,Passed
1120,6,1111,LF-50K-F-008,Tradovate,2026-07-30,2026-08-11,Breached
1121,5,,LF-50K-E-021,Tradovate,2026-07-30,2026-08-11,Failed
1122,4,1109,TS-150K-F-013,TopstepX,2026-07-31,2026-08-10,Breached
1123,7,,MFF-50K-E-030,Tradovate,2026-07-31,,Active
1124,8,1118,MFF-50K-F-009,Tradovate,2026-08-03,2026-08-11,Breached
1125,8,1119,MFF-50K-F-010,Tradovate,2026-08-03,2026-08-11,Breached
1126,8,1117,MFF-50K-F-011,Tradovate,2026-08-04,2026-08-11,Breached
1127,5,,LF-50K-E-022,Tradovate,2026-08-05,2026-08-12,Failed
1128,1,,TS-50K-E-044,TopstepX,2026-08-06,2026-08-11,Failed
1129,1,,TS-50K-E-045,TopstepX,2026-08-07,2026-08-12,Failed
1130,7,,MFF-50K-E-031,Tradovate,2026-08-17,,Active
1131,1,,TS-50K-E-046,TopstepX,2026-08-19,,Active
1132,1,,TS-50K-E-047,TopstepX,2026-08-20,,Active
1133,7,,MFF-50K-E-032,Tradovate,2026-08-21,,Active
1134,7,,MFF-50K-E-033,Tradovate,2026-08-24,,Active
