ChargeID,AccountID,ChargeDate,ChargeType,Amount
1,1001,2025-01-03,Evaluation,49.0
2,1002,2025-01-06,Evaluation,149.0
3,1003,2025-01-07,Evaluation,49.0
4,1004,2025-01-10,Evaluation,77.0
5,1005,2025-01-14,Evaluation,149.0
6,1006,2025-01-17,Evaluation,80.0
7,1001,2025-02-03,Monthly,49.0
8,1002,2025-02-05,Monthly,149.0
9,1003,2025-02-06,Monthly,49.0
10,1004,2025-02-10,Monthly,77.0
11,1005,2025-02-13,Monthly,149.0
12,1006,2025-02-13,Reset,64.0
13,1007,2025-02-17,Evaluation,77.0
14,1006,2025-02-17,Monthly,80.0
15,1008,2025-03-06,Activation,149.0
16,1009,2025-03-06,Evaluation,49.0
17,1002,2025-03-07,Monthly,149.0
18,1004,2025-03-11,Monthly,77.0
19,1010,2025-03-17,Evaluation,77.0
20,1006,2025-03-17,Reset,64.0
21,1011,2025-03-18,Evaluation,49.0
22,1006,2025-03-18,Monthly,80.0
23,1007,2025-03-19,Monthly,77.0
24,1012,2025-03-20,Evaluation,49.0
25,1013,2025-03-21,Evaluation,77.0
26,1007,2025-03-25,Reset,61.6
27,1010,2025-04-16,Monthly,77.0
28,1006,2025-04-17,Monthly,80.0
29,1011,2025-04-17,Monthly,49.0
30,1007,2025-04-18,Monthly,77.0
31,1012,2025-04-21,Monthly,49.0
32,1013,2025-04-21,Monthly,77.0
33,1014,2025-04-22,Activation,129.0
34,1015,2025-04-23,Activation,129.0
35,1016,2025-04-23,Evaluation,80.0
36,1018,2025-04-24,Activation,129.0
37,1019,2025-04-24,Activation,149.0
38,1020,2025-04-24,Activation,149.0
39,1021,2025-05-01,Evaluation,80.0
40,1022,2025-05-05,Evaluation,77.0
41,1024,2025-05-07,Evaluation,49.0
42,1025,2025-05-08,Evaluation,49.0
43,1026,2025-05-09,Evaluation,77.0
44,1027,2025-05-13,Evaluation,49.0
45,1022,2025-05-15,Reset,61.6
46,1025,2025-05-15,Reset,39.2
47,1026,2025-05-15,Reset,61.6
48,1027,2025-05-16,Reset,39.2
49,1028,2025-05-19,Evaluation,80.0
50,1029,2025-05-21,Evaluation,80.0
51,1025,2025-05-29,Reset,39.2
52,1022,2025-06-04,Monthly,77.0
53,1025,2025-06-09,Monthly,49.0
54,1026,2025-06-09,Monthly,77.0
55,1027,2025-06-12,Monthly,49.0
56,1030,2025-06-13,Evaluation,77.0
57,1031,2025-06-16,Evaluation,77.0
58,1028,2025-06-16,Reset,64.0
59,1032,2025-06-17,Evaluation,80.0
60,1033,2025-06-18,Evaluation,149.0
61,1028,2025-06-18,Monthly,80.0
62,1031,2025-06-18,Reset,61.6
63,1034,2025-06-19,Evaluation,80.0
64,1035,2025-06-23,Evaluation,49.0
65,1033,2025-06-26,Reset,119.2
66,1034,2025-06-27,Reset,64.0
67,1036,2025-06-30,Evaluation,49.0
68,1037,2025-07-01,Evaluation,77.0
69,1038,2025-07-02,Evaluation,77.0
70,1039,2025-07-08,Evaluation,77.0
71,1038,2025-07-16,Reset,61.6
72,1040,2025-07-17,Evaluation,49.0
73,1041,2025-07-18,Evaluation,77.0
74,1034,2025-07-21,Monthly,80.0
75,1042,2025-07-22,Evaluation,80.0
76,1038,2025-08-01,Monthly,77.0
77,1039,2025-08-07,Monthly,77.0
78,1039,2025-08-14,Reset,61.6
79,1042,2025-08-14,Reset,64.0
80,1043,2025-08-15,Evaluation,49.0
81,1044,2025-08-18,Evaluation,49.0
82,1045,2025-08-19,Evaluation,77.0
83,1042,2025-08-21,Monthly,80.0
84,1042,2025-08-25,Reset,64.0
85,1039,2025-08-26,Reset,61.6
86,1046,2025-08-27,Evaluation,77.0
87,1047,2025-08-28,Evaluation,80.0
88,1048,2025-09-01,Evaluation,77.0
89,1049,2025-09-05,Evaluation,80.0
90,1039,2025-09-08,Monthly,77.0
91,1050,2025-09-10,Evaluation,49.0
92,1047,2025-09-11,Reset,64.0
93,1049,2025-09-11,Reset,64.0
94,1051,2025-09-12,Evaluation,49.0
95,1047,2025-09-29,Monthly,80.0
96,1048,2025-10-01,Monthly,77.0
97,1053,2025-10-03,Evaluation,80.0
98,1054,2025-10-06,Activation,129.0
99,1055,2025-10-06,Activation,149.0
100,1056,2025-10-06,Evaluation,77.0
101,1049,2025-10-06,Monthly,80.0
102,1057,2025-10-09,Activation,129.0
103,1059,2025-10-10,Activation,149.0
104,1060,2025-10-13,Evaluation,149.0
105,1061,2025-10-14,Evaluation,77.0
106,1062,2025-10-15,Evaluation,49.0
107,1063,2025-10-16,Evaluation,49.0
108,1064,2025-10-17,Evaluation,149.0
109,1056,2025-10-20,Reset,61.6
110,1065,2025-10-22,Evaluation,49.0
111,1066,2025-10-24,Evaluation,80.0
112,1067,2025-11-05,Evaluation,77.0
113,1068,2025-11-07,Evaluation,49.0
114,1069,2025-11-10,Evaluation,149.0
115,1070,2025-11-11,Evaluation,80.0
116,1071,2025-11-18,Evaluation,77.0
117,1072,2025-11-24,Evaluation,80.0
118,1066,2025-11-24,Monthly,80.0
119,1073,2025-12-01,Evaluation,77.0
120,1067,2025-12-05,Monthly,77.0
121,1068,2025-12-08,Monthly,49.0
122,1068,2025-12-09,Reset,39.2
123,1074,2025-12-10,Evaluation,149.0
124,1067,2025-12-10,Reset,61.6
125,1071,2025-12-18,Monthly,77.0
126,1072,2025-12-24,Monthly,80.0
127,1068,2025-12-24,Reset,39.2
128,1073,2025-12-24,Reset,61.6
129,1075,2025-12-25,Evaluation,49.0
130,1076,2025-12-30,Evaluation,49.0
131,1077,2025-12-31,Evaluation,49.0
132,1073,2025-12-31,Monthly,77.0
133,1078,2026-01-01,Evaluation,77.0
134,1068,2026-01-06,Monthly,49.0
135,1077,2026-01-08,Reset,39.2
136,1076,2026-01-09,Reset,39.2
137,1079,2026-01-13,Evaluation,80.0
138,1080,2026-01-14,Evaluation,49.0
139,1081,2026-01-16,Evaluation,49.0
140,1082,2026-01-19,Evaluation,77.0
141,1077,2026-01-22,Reset,39.2
142,1076,2026-01-29,Monthly,49.0
143,1077,2026-01-30,Monthly,49.0
144,1083,2026-02-12,Evaluation,77.0
145,1079,2026-02-12,Monthly,80.0
146,1080,2026-02-13,Monthly,49.0
147,1081,2026-02-16,Monthly,49.0
148,1082,2026-02-18,Monthly,77.0
149,1083,2026-02-26,Reset,61.6
150,1077,2026-03-02,Monthly,49.0
151,1082,2026-03-04,Reset,61.6
152,1080,2026-03-05,Reset,39.2
153,1084,2026-03-09,Evaluation,49.0
154,1085,2026-03-12,Evaluation,80.0
155,1080,2026-03-16,Monthly,49.0
156,1086,2026-03-17,Evaluation,77.0
157,1081,2026-03-17,Monthly,49.0
158,1082,2026-03-20,Monthly,77.0
159,1087,2026-04-02,Activation,149.0
160,1088,2026-04-03,Evaluation,49.0
161,1089,2026-04-08,Evaluation,49.0
162,1086,2026-04-09,Reset,61.6
163,1090,2026-04-10,Evaluation,49.0
164,1088,2026-04-10,Reset,39.2
165,1091,2026-04-13,Evaluation,149.0
166,1085,2026-04-13,Monthly,80.0
167,1092,2026-04-14,Evaluation,49.0
168,1086,2026-04-16,Monthly,77.0
169,1093,2026-04-24,Evaluation,49.0
170,1094,2026-04-28,Evaluation,49.0
171,1095,2026-04-29,Evaluation,49.0
172,1088,2026-05-04,Monthly,49.0
173,1091,2026-05-13,Monthly,149.0
174,1096,2026-05-18,Activation,149.0
175,1097,2026-05-18,Evaluation,149.0
176,1086,2026-05-18,Monthly,77.0
177,1093,2026-05-25,Monthly,49.0
178,1095,2026-05-29,Monthly,49.0
179,1098,2026-06-01,Activation,129.0
180,1099,2026-06-01,Activation,149.0
181,1088,2026-06-02,Monthly,49.0
182,1100,2026-06-03,Evaluation,80.0
183,1101,2026-06-04,Evaluation,77.0
184,1091,2026-06-12,Monthly,149.0
185,1097,2026-06-17,Monthly,149.0
186,1102,2026-06-22,Activation,149.0
187,1103,2026-06-22,Activation,149.0
188,1104,2026-06-22,Evaluation,77.0
189,1105,2026-06-23,Evaluation,80.0
190,1093,2026-06-23,Monthly,49.0
191,1106,2026-06-24,Activation,149.0
192,1107,2026-06-24,Evaluation,80.0
193,1108,2026-06-29,Activation,149.0
194,1109,2026-06-29,Evaluation,149.0
195,1110,2026-06-30,Activation,129.0
196,1111,2026-07-03,Evaluation,80.0
197,1100,2026-07-03,Monthly,80.0
198,1113,2026-07-07,Activation,129.0
199,1116,2026-07-07,Evaluation,49.0
200,1117,2026-07-08,Evaluation,77.0
201,1118,2026-07-09,Evaluation,77.0
202,1119,2026-07-10,Evaluation,77.0
203,1109,2026-07-29,Monthly,149.0
204,1121,2026-07-30,Evaluation,80.0
205,1122,2026-07-31,Activation,149.0
206,1123,2026-07-31,Evaluation,77.0
207,1124,2026-08-03,Activation,129.0
208,1125,2026-08-03,Activation,129.0
209,1126,2026-08-04,Activation,129.0
210,1127,2026-08-05,Evaluation,80.0
211,1128,2026-08-06,Evaluation,49.0
212,1116,2026-08-06,Monthly,49.0
213,1129,2026-08-07,Evaluation,49.0
214,1123,2026-08-11,Reset,61.6
215,1130,2026-08-17,Evaluation,77.0
216,1131,2026-08-19,Evaluation,49.0
217,1132,2026-08-20,Evaluation,49.0
218,1133,2026-08-21,Evaluation,77.0
219,1134,2026-08-24,Evaluation,77.0
220,1123,2026-08-31,Monthly,77.0
