Symbol,RootSymbol,ContractMonth,ExpirationDate
ESZ4,ES,2024-12-01,2024-12-20
ESH5,ES,2025-03-01,2025-03-21
ESM5,ES,2025-06-01,2025-06-20
ESU5,ES,2025-09-01,2025-09-19
ESZ5,ES,2025-12-01,2025-12-19
ESH6,ES,2026-03-01,2026-03-20
ESM6,ES,2026-06-01,2026-06-19
ESU6,ES,2026-09-01,2026-09-18
ESZ6,ES,2026-12-01,2026-12-18
ESH7,ES,2027-03-01,2027-03-19
MESZ4,MES,2024-12-01,2024-12-20
MESH5,MES,2025-03-01,2025-03-21
MESM5,MES,2025-06-01,2025-06-20
MESU5,MES,2025-09-01,2025-09-19
MESZ5,MES,2025-12-01,2025-12-19
MESH6,MES,2026-03-01,2026-03-20
MESM6,MES,2026-06-01,2026-06-19
MESU6,MES,2026-09-01,2026-09-18
MESZ6,MES,2026-12-01,2026-12-18
MESH7,MES,2027-03-01,2027-03-19
NQZ4,NQ,2024-12-01,2024-12-20
NQH5,NQ,2025-03-01,2025-03-21
NQM5,NQ,2025-06-01,2025-06-20
NQU5,NQ,2025-09-01,2025-09-19
NQZ5,NQ,2025-12-01,2025-12-19
NQH6,NQ,2026-03-01,2026-03-20
NQM6,NQ,2026-06-01,2026-06-19
NQU6,NQ,2026-09-01,2026-09-18
NQZ6,NQ,2026-12-01,2026-12-18
NQH7,NQ,2027-03-01,2027-03-19
MNQZ4,MNQ,2024-12-01,2024-12-20
MNQH5,MNQ,2025-03-01,2025-03-21
MNQM5,MNQ,2025-06-01,2025-06-20
MNQU5,MNQ,2025-09-01,2025-09-19
MNQZ5,MNQ,2025-12-01,2025-12-19
MNQH6,MNQ,2026-03-01,2026-03-20
MNQM6,MNQ,2026-06-01,2026-06-19
MNQU6,MNQ,2026-09-01,2026-09-18
MNQZ6,MNQ,2026-12-01,2026-12-18
MNQH7,MNQ,2027-03-01,2027-03-19
YMZ4,YM,2024-12-01,2024-12-20
YMH5,YM,2025-03-01,2025-03-21
YMM5,YM,2025-06-01,2025-06-20
YMU5,YM,2025-09-01,2025-09-19
YMZ5,YM,2025-12-01,2025-12-19
YMH6,YM,2026-03-01,2026-03-20
YMM6,YM,2026-06-01,2026-06-19
YMU6,YM,2026-09-01,2026-09-18
YMZ6,YM,2026-12-01,2026-12-18
YMH7,YM,2027-03-01,2027-03-19
MYMZ4,MYM,2024-12-01,2024-12-20
MYMH5,MYM,2025-03-01,2025-03-21
MYMM5,MYM,2025-06-01,2025-06-20
MYMU5,MYM,2025-09-01,2025-09-19
MYMZ5,MYM,2025-12-01,2025-12-19
MYMH6,MYM,2026-03-01,2026-03-20
MYMM6,MYM,2026-06-01,2026-06-19
MYMU6,MYM,2026-09-01,2026-09-18
MYMZ6,MYM,2026-12-01,2026-12-18
MYMH7,MYM,2027-03-01,2027-03-19
RTYZ4,RTY,2024-12-01,2024-12-20
RTYH5,RTY,2025-03-01,2025-03-21
RTYM5,RTY,2025-06-01,2025-06-20
RTYU5,RTY,2025-09-01,2025-09-19
RTYZ5,RTY,2025-12-01,2025-12-19
RTYH6,RTY,2026-03-01,2026-03-20
RTYM6,RTY,2026-06-01,2026-06-19
RTYU6,RTY,2026-09-01,2026-09-18
RTYZ6,RTY,2026-12-01,2026-12-18
RTYH7,RTY,2027-03-01,2027-03-19
M2KZ4,M2K,2024-12-01,2024-12-20
M2KH5,M2K,2025-03-01,2025-03-21
M2KM5,M2K,2025-06-01,2025-06-20
M2KU5,M2K,2025-09-01,2025-09-19
M2KZ5,M2K,2025-12-01,2025-12-19
M2KH6,M2K,2026-03-01,2026-03-20
M2KM6,M2K,2026-06-01,2026-06-19
M2KU6,M2K,2026-09-01,2026-09-18
M2KZ6,M2K,2026-12-01,2026-12-18
M2KH7,M2K,2027-03-01,2027-03-19
CLF5,CL,2025-01-01,2024-12-20
CLG5,CL,2025-02-01,2025-01-20
CLH5,CL,2025-03-01,2025-02-20
CLJ5,CL,2025-04-01,2025-03-20
CLK5,CL,2025-05-01,2025-04-20
CLM5,CL,2025-06-01,2025-05-20
CLN5,CL,2025-07-01,2025-06-20
CLQ5,CL,2025-08-01,2025-07-20
CLU5,CL,2025-09-01,2025-08-20
CLV5,CL,2025-10-01,2025-09-20
CLX5,CL,2025-11-01,2025-10-20
CLZ5,CL,2025-12-01,2025-11-20
CLF6,CL,2026-01-01,2025-12-20
CLG6,CL,2026-02-01,2026-01-20
CLH6,CL,2026-03-01,2026-02-20
CLJ6,CL,2026-04-01,2026-03-20
CLK6,CL,2026-05-01,2026-04-20
CLM6,CL,2026-06-01,2026-05-20
CLN6,CL,2026-07-01,2026-06-20
CLQ6,CL,2026-08-01,2026-07-20
CLU6,CL,2026-09-01,2026-08-20
CLV6,CL,2026-10-01,2026-09-20
CLX6,CL,2026-11-01,2026-10-20
CLZ6,CL,2026-12-01,2026-11-20
CLF7,CL,2027-01-01,2026-12-20
CLG7,CL,2027-02-01,2027-01-20
CLH7,CL,2027-03-01,2027-02-20
CLJ7,CL,2027-04-01,2027-03-20
MCLF5,MCL,2025-01-01,2024-12-20
MCLG5,MCL,2025-02-01,2025-01-20
MCLH5,MCL,2025-03-01,2025-02-20
MCLJ5,MCL,2025-04-01,2025-03-20
MCLK5,MCL,2025-05-01,2025-04-20
MCLM5,MCL,2025-06-01,2025-05-20
MCLN5,MCL,2025-07-01,2025-06-20
MCLQ5,MCL,2025-08-01,2025-07-20
MCLU5,MCL,2025-09-01,2025-08-20
MCLV5,MCL,2025-10-01,2025-09-20
MCLX5,MCL,2025-11-01,2025-10-20
MCLZ5,MCL,2025-12-01,2025-11-20
MCLF6,MCL,2026-01-01,2025-12-20
MCLG6,MCL,2026-02-01,2026-01-20
MCLH6,MCL,2026-03-01,2026-02-20
MCLJ6,MCL,2026-04-01,2026-03-20
MCLK6,MCL,2026-05-01,2026-04-20
MCLM6,MCL,2026-06-01,2026-05-20
MCLN6,MCL,2026-07-01,2026-06-20
MCLQ6,MCL,2026-08-01,2026-07-20
MCLU6,MCL,2026-09-01,2026-08-20
MCLV6,MCL,2026-10-01,2026-09-20
MCLX6,MCL,2026-11-01,2026-10-20
MCLZ6,MCL,2026-12-01,2026-11-20
MCLF7,MCL,2027-01-01,2026-12-20
MCLG7,MCL,2027-02-01,2027-01-20
MCLH7,MCL,2027-03-01,2027-02-20
MCLJ7,MCL,2027-04-01,2027-03-20
GCG5,GC,2025-02-01,2025-01-29
GCJ5,GC,2025-04-01,2025-03-29
GCM5,GC,2025-06-01,2025-05-29
GCQ5,GC,2025-08-01,2025-07-29
GCV5,GC,2025-10-01,2025-09-28
GCZ5,GC,2025-12-01,2025-11-28
GCG6,GC,2026-02-01,2026-01-29
GCJ6,GC,2026-04-01,2026-03-29
GCM6,GC,2026-06-01,2026-05-29
GCQ6,GC,2026-08-01,2026-07-29
GCV6,GC,2026-10-01,2026-09-28
GCZ6,GC,2026-12-01,2026-11-28
GCG7,GC,2027-02-01,2027-01-29
GCJ7,GC,2027-04-01,2027-03-29
MGCG5,MGC,2025-02-01,2025-01-29
MGCJ5,MGC,2025-04-01,2025-03-29
MGCM5,MGC,2025-06-01,2025-05-29
MGCQ5,MGC,2025-08-01,2025-07-29
MGCV5,MGC,2025-10-01,2025-09-28
MGCZ5,MGC,2025-12-01,2025-11-28
MGCG6,MGC,2026-02-01,2026-01-29
MGCJ6,MGC,2026-04-01,2026-03-29
MGCM6,MGC,2026-06-01,2026-05-29
MGCQ6,MGC,2026-08-01,2026-07-29
MGCV6,MGC,2026-10-01,2026-09-28
MGCZ6,MGC,2026-12-01,2026-11-28
MGCG7,MGC,2027-02-01,2027-01-29
MGCJ7,MGC,2027-04-01,2027-03-29
