PayoutID,AccountID,RequestDate,GrossAmount,TraderShare,Status,PaidDate
1,1015,2025-05-01,1100.0,990.0,Paid,2025-05-02
2,1014,2025-05-02,800.0,720.0,Paid,2025-05-07
3,1017,2025-05-02,600.0,540.0,Paid,2025-05-05
4,1018,2025-05-02,900.0,810.0,Paid,2025-05-07
5,1019,2025-05-02,900.0,810.0,Paid,2025-05-06
6,1020,2025-05-02,700.0,630.0,Paid,2025-05-06
7,1019,2025-05-09,800.0,720.0,Paid,2025-05-14
8,1020,2025-05-09,500.0,450.0,Paid,2025-05-13
9,1015,2025-05-12,1600.0,1440.0,Paid,2025-05-14
10,1014,2025-05-13,500.0,450.0,Paid,2025-05-14
11,1052,2025-10-09,800.0,720.0,Paid,2025-10-13
12,1055,2025-10-10,800.0,720.0,Paid,2025-10-13
13,1096,2026-05-28,500.0,450.0,Paid,2026-06-01
14,1096,2026-06-04,900.0,810.0,Paid,2026-06-09
15,1099,2026-06-10,600.0,540.0,Paid,2026-06-11
16,1096,2026-06-12,600.0,540.0,Paid,2026-06-15
17,1098,2026-06-18,500.0,450.0,Paid,2026-06-22
18,1096,2026-06-19,800.0,720.0,Paid,2026-06-23
19,1099,2026-06-19,800.0,720.0,Paid,2026-06-23
20,1096,2026-06-26,1200.0,1080.0,Denied,
21,1099,2026-06-26,1200.0,1080.0,Paid,2026-07-01
22,1102,2026-06-26,600.0,540.0,Paid,2026-07-01
23,1103,2026-06-26,2100.0,1890.0,Paid,2026-06-30
24,1098,2026-06-29,1500.0,1350.0,Paid,2026-06-30
25,1106,2026-06-30,2000.0,1800.0,Denied,
26,1096,2026-07-03,2200.0,1980.0,Paid,2026-07-06
27,1099,2026-07-03,1800.0,1620.0,Paid,2026-07-06
28,1102,2026-07-03,700.0,630.0,Paid,2026-07-08
29,1103,2026-07-03,2700.0,2430.0,Paid,2026-07-06
30,1108,2026-07-03,600.0,540.0,Paid,2026-07-06
31,1106,2026-07-07,3200.0,2880.0,Paid,2026-07-09
32,1098,2026-07-08,1700.0,1530.0,Paid,2026-07-09
33,1110,2026-07-08,500.0,450.0,Paid,2026-07-09
34,1096,2026-07-10,1400.0,1260.0,Paid,2026-07-13
35,1099,2026-07-10,1600.0,1440.0,Paid,2026-07-13
36,1102,2026-07-10,1100.0,990.0,Paid,2026-07-15
37,1103,2026-07-10,3800.0,3420.0,Denied,
38,1108,2026-07-10,900.0,810.0,Denied,
39,1106,2026-07-14,1100.0,990.0,Paid,2026-07-17
40,1096,2026-07-17,600.0,540.0,Paid,2026-07-22
41,1103,2026-07-17,2700.0,2430.0,Paid,2026-07-21
42,1108,2026-07-17,600.0,540.0,Paid,2026-07-22
43,1098,2026-07-20,1300.0,1170.0,Paid,2026-07-21
44,1099,2026-07-20,600.0,540.0,Paid,2026-07-22
45,1102,2026-07-20,600.0,540.0,Paid,2026-07-23
46,1106,2026-07-21,600.0,540.0,Paid,2026-07-23
47,1103,2026-07-24,700.0,630.0,Paid,2026-07-28
48,1096,2026-07-29,700.0,630.0,Paid,2026-07-30
49,1108,2026-07-29,1000.0,900.0,Paid,2026-07-30
50,1112,2026-07-29,800.0,720.0,Paid,2026-07-31
51,1113,2026-07-29,600.0,540.0,Paid,2026-07-31
52,1114,2026-07-30,600.0,540.0,Paid,2026-08-03
53,1103,2026-07-31,3200.0,2880.0,Paid,2026-08-05
54,1115,2026-07-31,900.0,810.0,Paid,2026-08-04
55,1096,2026-08-05,1700.0,1530.0,Paid,2026-08-07
56,1108,2026-08-05,1600.0,1440.0,Paid,2026-08-06
57,1112,2026-08-05,1700.0,1530.0,Paid,2026-08-10
58,1120,2026-08-05,1200.0,1080.0,Paid,2026-08-07
59,1114,2026-08-06,1000.0,900.0,Paid,2026-08-10
60,1122,2026-08-06,600.0,540.0,Paid,2026-08-11
61,1103,2026-08-07,1500.0,1350.0,Paid,2026-08-12
62,1113,2026-08-07,1500.0,1350.0,Paid,2026-08-11
63,1115,2026-08-07,500.0,450.0,Paid,2026-08-11
