ViolationID,AccountID,ViolationDate,RuleType,Details
1,1006,2025-02-13,TrailingDrawdown,Balance 48512.00 hit floor 48773.50
2,1001,2025-02-14,TrailingDrawdown,Balance 48985.50 hit floor 49230.50
3,1002,2025-03-14,TrailingDrawdown,Balance 149574.00 hit floor 149754.00
4,1005,2025-03-14,TrailingDrawdown,Balance 147744.00 hit floor 147940.00
5,1006,2025-03-17,TrailingDrawdown,Balance 48543.50 hit floor 48778.00
6,1004,2025-03-18,TrailingDrawdown,Balance 50033.50 hit floor 50283.00
7,1008,2025-03-18,TrailingDrawdown,Balance 47755.50 hit floor 48000.00
8,1009,2025-03-18,TrailingDrawdown,Balance 47742.00 hit floor 48000.00
9,1007,2025-03-25,TrailingDrawdown,Balance 48835.00 hit floor 48849.50
10,1016,2025-05-02,Consistency,Best day 1678.00 > 50% of profit 3225.00
11,1020,2025-05-14,TrailingDrawdown,Balance 49424.50 hit floor 49532.00
12,1014,2025-05-15,TrailingDrawdown,Balance 49849.50 hit floor 50000.00
13,1017,2025-05-15,TrailingDrawdown,Balance 48345.50 hit floor 49489.00
14,1018,2025-05-15,TrailingDrawdown,Balance 48709.50 hit floor 49862.50
15,1019,2025-05-15,DailyLossLimit,Day P&L -1322.50 exceeded limit 1000
16,1019,2025-05-15,TrailingDrawdown,Balance 48698.50 hit floor 50000.00
17,1021,2025-05-15,TrailingDrawdown,Balance 48895.00 hit floor 50095.00
18,1022,2025-05-15,TrailingDrawdown,Balance 48352.00 hit floor 49233.00
19,1023,2025-05-15,TrailingDrawdown,Balance 48744.00 hit floor 49030.00
20,1024,2025-05-15,TrailingDrawdown,Balance 47383.00 hit floor 48000.00
21,1025,2025-05-15,TrailingDrawdown,Balance 48349.00 hit floor 48465.00
22,1026,2025-05-15,TrailingDrawdown,Balance 48136.00 hit floor 48252.50
23,1027,2025-05-15,DailyLossLimit,Day P&L -1287.50 exceeded limit 1000
24,1015,2025-05-16,TrailingDrawdown,Balance 49914.00 hit floor 50000.00
25,1027,2025-05-16,TrailingDrawdown,Balance 47785.00 hit floor 48000.00
26,1027,2025-05-28,DailyLossLimit,Day P&L -1012.50 exceeded limit 1000
27,1025,2025-05-29,TrailingDrawdown,Balance 47723.00 hit floor 48000.00
28,1025,2025-06-12,TrailingDrawdown,Balance 49389.00 hit floor 49474.50
29,1029,2025-06-12,TrailingDrawdown,Balance 48658.50 hit floor 48708.00
30,1027,2025-06-13,TrailingDrawdown,Balance 49408.00 hit floor 49607.50
31,1022,2025-06-16,TrailingDrawdown,Balance 47809.00 hit floor 48000.00
32,1026,2025-06-16,TrailingDrawdown,Balance 48807.50 hit floor 49056.00
33,1028,2025-06-16,TrailingDrawdown,Balance 47833.50 hit floor 48366.00
34,1030,2025-06-18,TrailingDrawdown,Balance 47855.00 hit floor 48000.00
35,1031,2025-06-18,TrailingDrawdown,Balance 47900.00 hit floor 48000.00
36,1033,2025-06-26,TrailingDrawdown,Balance 145132.00 hit floor 145500.00
37,1028,2025-06-27,TrailingDrawdown,Balance 47612.50 hit floor 48105.00
38,1032,2025-06-27,TrailingDrawdown,Balance 48178.50 hit floor 48256.00
39,1034,2025-06-27,TrailingDrawdown,Balance 48660.50 hit floor 48723.00
40,1035,2025-06-27,TrailingDrawdown,Balance 47960.00 hit floor 48000.00
41,1031,2025-06-30,TrailingDrawdown,Balance 47917.00 hit floor 48252.00
42,1036,2025-07-14,DailyLossLimit,Day P&L -1297.50 exceeded limit 1000
43,1033,2025-07-16,TrailingDrawdown,Balance 147736.00 hit floor 148081.00
44,1036,2025-07-16,TrailingDrawdown,Balance 49307.50 hit floor 49323.50
45,1037,2025-07-16,TrailingDrawdown,Balance 49427.00 hit floor 49802.50
46,1038,2025-07-16,TrailingDrawdown,Balance 48758.50 hit floor 49102.50
47,1034,2025-08-12,TrailingDrawdown,Balance 48781.00 hit floor 48789.00
48,1039,2025-08-14,TrailingDrawdown,Balance 48360.50 hit floor 48571.00
49,1040,2025-08-14,TrailingDrawdown,Balance 49976.50 hit floor 50187.50
50,1041,2025-08-14,TrailingDrawdown,Balance 49248.50 hit floor 49428.50
51,1042,2025-08-14,TrailingDrawdown,Balance 48510.00 hit floor 48710.00
52,1038,2025-08-25,TrailingDrawdown,Balance 49705.50 hit floor 49874.00
53,1042,2025-08-25,TrailingDrawdown,Balance 48924.50 hit floor 49112.50
54,1039,2025-08-26,TrailingDrawdown,Balance 49072.00 hit floor 49705.00
55,1043,2025-08-26,TrailingDrawdown,Balance 49779.50 hit floor 50027.50
56,1044,2025-08-26,TrailingDrawdown,Balance 48158.00 hit floor 48192.50
57,1045,2025-08-26,TrailingDrawdown,Balance 47627.00 hit floor 48000.00
58,1046,2025-09-09,TrailingDrawdown,Balance 49421.50 hit floor 49469.00
59,1042,2025-09-11,TrailingDrawdown,Balance 48520.50 hit floor 48839.00
60,1047,2025-09-11,TrailingDrawdown,Balance 47944.00 hit floor 48426.00
61,1049,2025-09-11,TrailingDrawdown,Balance 48219.50 hit floor 48342.00
62,1055,2025-10-14,TrailingDrawdown,Balance 49706.50 hit floor 49825.00
63,1052,2025-10-15,TrailingDrawdown,Balance 49044.50 hit floor 49681.50
64,1053,2025-10-15,TrailingDrawdown,Balance 49526.50 hit floor 49656.50
65,1057,2025-10-15,TrailingDrawdown,Balance 47992.50 hit floor 48043.00
66,1058,2025-10-15,TrailingDrawdown,Balance 47813.50 hit floor 48000.00
67,1060,2025-10-16,TrailingDrawdown,Balance 145318.00 hit floor 145500.00
68,1054,2025-10-20,TrailingDrawdown,Balance 48806.00 hit floor 49340.00
69,1056,2025-10-20,TrailingDrawdown,Balance 49416.00 hit floor 49565.00
70,1059,2025-10-20,TrailingDrawdown,Balance 47809.00 hit floor 48000.00
71,1061,2025-10-20,TrailingDrawdown,Balance 47949.00 hit floor 48000.00
72,1064,2025-11-03,TrailingDrawdown,Balance 147366.00 hit floor 148198.00
73,1056,2025-11-04,TrailingDrawdown,Balance 48307.50 hit floor 48342.50
74,1062,2025-11-04,TrailingDrawdown,Balance 47932.50 hit floor 48000.00
75,1065,2025-11-04,TrailingDrawdown,Balance 48321.50 hit floor 48326.50
76,1063,2025-11-14,TrailingDrawdown,Balance 47982.00 hit floor 48000.00
77,1069,2025-11-21,TrailingDrawdown,Balance 144998.00 hit floor 145500.00
78,1070,2025-11-28,TrailingDrawdown,Balance 47956.00 hit floor 48000.00
79,1066,2025-12-09,TrailingDrawdown,Balance 48577.00 hit floor 48715.50
80,1068,2025-12-09,TrailingDrawdown,Balance 47940.50 hit floor 48147.50
81,1067,2025-12-10,TrailingDrawdown,Balance 49198.00 hit floor 49310.50
82,1067,2025-12-24,TrailingDrawdown,Balance 49378.50 hit floor 49422.50
83,1068,2025-12-24,TrailingDrawdown,Balance 49685.50 hit floor 49750.50
84,1071,2025-12-24,TrailingDrawdown,Balance 49363.50 hit floor 49438.50
85,1073,2025-12-24,TrailingDrawdown,Balance 48478.50 hit floor 48772.00
86,1074,2025-12-24,TrailingDrawdown,Balance 148602.00 hit floor 149224.00
87,1072,2025-12-25,TrailingDrawdown,Balance 49397.50 hit floor 49812.50
88,1068,2026-01-02,DailyLossLimit,Day P&L -1033.50 exceeded limit 1000
89,1075,2026-01-02,DailyLossLimit,Day P&L -1079.00 exceeded limit 1000
90,1077,2026-01-02,DailyLossLimit,Day P&L -1051.00 exceeded limit 1000
91,1068,2026-01-08,TrailingDrawdown,Balance 48013.00 hit floor 48473.00
92,1073,2026-01-08,TrailingDrawdown,Balance 47623.00 hit floor 48143.00
93,1075,2026-01-08,TrailingDrawdown,Balance 48195.00 hit floor 48430.50
94,1077,2026-01-08,TrailingDrawdown,Balance 49549.50 hit floor 49720.00
95,1078,2026-01-08,TrailingDrawdown,Balance 48153.00 hit floor 48639.00
96,1076,2026-01-09,TrailingDrawdown,Balance 49608.00 hit floor 50097.50
97,1077,2026-01-22,TrailingDrawdown,Balance 47819.00 hit floor 48000.00
98,1076,2026-02-06,TrailingDrawdown,Balance 47976.50 hit floor 48257.50
99,1083,2026-02-26,TrailingDrawdown,Balance 49073.00 hit floor 49212.50
100,1077,2026-03-04,TrailingDrawdown,Balance 48548.50 hit floor 48838.50
101,1082,2026-03-04,TrailingDrawdown,Balance 50287.50 hit floor 50313.00
102,1079,2026-03-05,TrailingDrawdown,Balance 48771.00 hit floor 49125.00
103,1080,2026-03-05,TrailingDrawdown,Balance 48364.50 hit floor 49022.00
104,1083,2026-03-06,TrailingDrawdown,Balance 48559.00 hit floor 48620.00
105,1081,2026-04-06,TrailingDrawdown,Balance 49713.50 hit floor 49917.50
106,1080,2026-04-09,TrailingDrawdown,Balance 49606.00 hit floor 50115.50
107,1082,2026-04-09,TrailingDrawdown,Balance 49370.00 hit floor 49494.00
108,1086,2026-04-09,TrailingDrawdown,Balance 48570.00 hit floor 49050.00
109,1087,2026-04-09,TrailingDrawdown,Balance 47879.00 hit floor 48000.00
110,1088,2026-04-10,TrailingDrawdown,Balance 48048.00 hit floor 48346.50
111,1085,2026-04-13,TrailingDrawdown,Balance 48003.50 hit floor 48678.00
112,1088,2026-04-23,DailyLossLimit,Day P&L -1230.50 exceeded limit 1000
113,1089,2026-04-23,DailyLossLimit,Day P&L -1230.50 exceeded limit 1000
114,1089,2026-04-23,TrailingDrawdown,Balance 47785.00 hit floor 48222.00
115,1092,2026-04-23,DailyLossLimit,Day P&L -1238.50 exceeded limit 1000
116,1090,2026-04-24,TrailingDrawdown,Balance 47940.00 hit floor 48040.00
117,1092,2026-04-24,TrailingDrawdown,Balance 48942.00 hit floor 48965.50
118,1094,2026-05-08,DailyLossLimit,Day P&L -1011.50 exceeded limit 1000
119,1110,2026-07-16,TrailingDrawdown,Balance 49760.50 hit floor 49808.50
120,1099,2026-07-22,TrailingDrawdown,Balance 49776.00 hit floor 50000.00
121,1106,2026-07-22,TrailingDrawdown,Balance 149547.00 hit floor 150000.00
122,1098,2026-07-27,TrailingDrawdown,Balance 49780.50 hit floor 50000.00
123,1102,2026-07-27,TrailingDrawdown,Balance 49823.50 hit floor 50000.00
124,1103,2026-08-10,TrailingDrawdown,Balance 149426.00 hit floor 150000.00
125,1115,2026-08-10,TrailingDrawdown,Balance 49790.00 hit floor 49848.50
126,1122,2026-08-10,TrailingDrawdown,Balance 148198.00 hit floor 148820.00
127,1096,2026-08-11,TrailingDrawdown,Balance 49764.00 hit floor 50000.00
128,1108,2026-08-11,DailyLossLimit,Day P&L -1171.00 exceeded limit 1000
129,1108,2026-08-11,TrailingDrawdown,Balance 49701.50 hit floor 50000.00
130,1112,2026-08-11,TrailingDrawdown,Balance 49453.00 hit floor 50000.00
131,1113,2026-08-11,TrailingDrawdown,Balance 49713.00 hit floor 50000.00
132,1114,2026-08-11,TrailingDrawdown,Balance 48967.00 hit floor 50000.00
133,1116,2026-08-11,TrailingDrawdown,Balance 49726.50 hit floor 50066.50
134,1120,2026-08-11,TrailingDrawdown,Balance 49739.50 hit floor 50000.00
135,1121,2026-08-11,TrailingDrawdown,Balance 50008.00 hit floor 50356.00
136,1123,2026-08-11,TrailingDrawdown,Balance 49212.00 hit floor 49881.00
137,1124,2026-08-11,TrailingDrawdown,Balance 48757.50 hit floor 49067.00
138,1125,2026-08-11,TrailingDrawdown,Balance 48153.50 hit floor 48766.00
139,1126,2026-08-11,TrailingDrawdown,Balance 47721.00 hit floor 48299.00
140,1128,2026-08-11,TrailingDrawdown,Balance 47714.00 hit floor 48000.00
141,1129,2026-08-11,DailyLossLimit,Day P&L -1151.00 exceeded limit 1000
142,1127,2026-08-12,TrailingDrawdown,Balance 47776.50 hit floor 48000.00
143,1129,2026-08-12,TrailingDrawdown,Balance 48033.00 hit floor 48034.00
