StrategyID,RootSymbol,MaxContracts,EnabledDate
1,NQ,3,2024-12-09
1,MNQ,15,2024-12-09
1,ES,3,2024-12-09
1,MES,15,2024-12-09
1,YM,4,2024-12-09
1,MYM,15,2024-12-09
2,ES,3,2024-12-16
2,MES,15,2024-12-16
2,RTY,4,2024-12-16
2,M2K,15,2024-12-16
3,NQ,3,2024-12-23
3,MNQ,15,2024-12-23
3,GC,3,2024-12-23
3,MGC,15,2024-12-23
3,CL,3,2024-12-23
3,MCL,15,2024-12-23
4,GC,3,2024-12-30
4,MGC,15,2024-12-30
4,CL,3,2024-12-30
4,MCL,15,2024-12-30
5,NQ,3,2025-01-06
5,MNQ,15,2025-01-06
5,ES,3,2025-01-06
5,MES,15,2025-01-06
